[
  {
    "_id": "68f9e724d75eb0a6ce4ee960",
    "name": "Professional Photography",
    "description": "High-quality property photography service with professional equipment and editing",
    "price": 2999,
    "currency": "INR",
    "billingType": "per_property",
    "category": "photography",
    "icon": "camera",
    "isActive": true,
    "sortOrder": 1,
    "__v": 0,
    "createdAt": "2025-10-23T08:28:20.851Z",
    "updatedAt": "2025-10-23T08:28:20.851Z"
  },
  {
    "_id": "68f9e724d75eb0a6ce4ee961",
    "name": "Virtual Tours",
    "description": "360° virtual property tours for immersive viewing experience",
    "price": 4999,
    "currency": "INR",
    "billingType": "per_property",
    "category": "technology",
    "icon": "view-360",
    "isActive": true,
    "sortOrder": 2,
    "__v": 0,
    "createdAt": "2025-10-23T08:28:20.854Z",
    "updatedAt": "2025-10-23T08:28:20.854Z"
  },
  {
    "_id": "68f9e724d75eb0a6ce4ee962",
    "name": "Social Media Marketing",
    "description": "Promote your listings across social media platforms",
    "price": 1999,
    "currency": "INR",
    "billingType": "monthly",
    "category": "marketing",
    "icon": "share",
    "isActive": true,
    "sortOrder": 3,
    "__v": 0,
    "createdAt": "2025-10-23T08:28:20.854Z",
    "updatedAt": "2025-10-23T08:28:20.854Z"
  },
  {
    "_id": "68f9e724d75eb0a6ce4ee963",
    "name": "Property Video Creation",
    "description": "Professional property showcase videos with drone footage",
    "price": 3999,
    "currency": "INR",
    "billingType": "per_property",
    "category": "photography",
    "icon": "video",
    "isActive": true,
    "sortOrder": 4,
    "__v": 0,
    "createdAt": "2025-10-23T08:28:20.854Z",
    "updatedAt": "2025-10-23T08:28:20.854Z"
  },
  {
    "_id": "68f9e724d75eb0a6ce4ee964",
    "name": "SEO Optimization",
    "description": "Enhanced search engine visibility for your listings",
    "price": 1499,
    "currency": "INR",
    "billingType": "monthly",
    "category": "marketing",
    "icon": "search",
    "isActive": true,
    "sortOrder": 5,
    "__v": 0,
    "createdAt": "2025-10-23T08:28:20.854Z",
    "updatedAt": "2025-10-23T08:28:20.854Z"
  },
  {
    "_id": "68f9e724d75eb0a6ce4ee965",
    "name": "CRM Integration",
    "description": "Advanced customer relationship management tools",
    "price": 999,
    "currency": "INR",
    "billingType": "monthly",
    "category": "crm",
    "icon": "users",
    "isActive": true,
    "sortOrder": 6,
    "__v": 0,
    "createdAt": "2025-10-23T08:28:20.854Z",
    "updatedAt": "2025-10-23T08:28:20.854Z"
  },
  {
    "_id": "68f9e724d75eb0a6ce4ee966",
    "name": "Priority Support",
    "description": "24/7 priority customer support and dedicated account manager",
    "price": 2499,
    "currency": "INR",
    "billingType": "monthly",
    "category": "support",
    "icon": "headphones",
    "isActive": true,
    "sortOrder": 7,
    "__v": 0,
    "createdAt": "2025-10-23T08:28:20.854Z",
    "updatedAt": "2025-10-23T08:28:20.854Z"
  }
]